date,total_cases,new_cases,total_deaths,new_deaths,population
2020-03-11,4.000000000000015,0.0,0.0,0.0,47.00000000000018
2020-03-12,4.000000000000017,0.0,0.0,0.0,47.0000000000002
2020-03-13,4.000000000000018,0.0,0.0,0.0,47.00000000000021
2020-03-14,4.000000000000019,0.0,0.0,0.0,47.00000000000022
2020-03-15,4.0000000000000195,0.0,0.0,0.0,47.00000000000023
2020-03-16,4.00000000000002,0.0,0.0,0.0,47.000000000000234
2020-03-17,4.00000000000002,0.0,0.0,0.0,47.00000000000024
2020-03-18,4.00000000000002,0.0,0.0,0.0,47.00000000000025
2020-03-19,4.00000000000002,0.0,0.0,0.0,47.00000000000025
2020-03-20,4.00000000000002,0.0,0.0,0.0,47.00000000000025
2020-03-21,4.00000000000002,0.0,0.0,0.0,47.00000000000025
2020-03-22,4.00000000000002,0.0,0.0,0.0,47.00000000000025
2020-03-23,4.00000000000002,0.0,0.0,0.0,47.00000000000025
2020-03-24,4.00000000000002,0.0,0.0,0.0,47.00000000000025
2020-03-25,4.00000000000002,0.0,0.0,0.0,47.00000000000025
2020-03-26,4.00000000000002,0.0,0.0,0.0,47.00000000000025
2020-03-27,4.00000000000002,0.0,0.0,0.0,47.00000000000025
2020-03-28,4.00000000000002,0.0,0.0,0.0,47.00000000000025
2020-03-29,4.00000000000002,0.0,0.0,0.0,47.00000000000025
2020-03-30,4.00000000000002,0.0,0.0,0.0,47.00000000000025
2020-03-31,4.00000000000002,0.0,0.0,0.0,47.00000000000025
2020-04-01,4.00000000000002,0.0,0.0,0.0,47.00000000000025
2020-04-02,4.00000000000002,0.0,0.0,0.0,47.00000000000025
2020-04-03,4.00000000000002,0.0,0.0,0.0,47.00000000000025
2020-04-04,4.00000000000002,0.0,0.0,0.0,47.00000000000025
2020-04-05,4.00000000000002,0.0,0.0,0.0,47.00000000000025
2020-04-06,4.00000000000002,0.0,0.0,0.0,47.00000000000025
2020-04-07,4.00000000000002,0.0,0.0,0.0,47.00000000000025
2020-04-08,4.00000000000002,0.0,0.0,0.0,47.00000000000025
2020-04-09,4.00000000000002,0.0,0.0,0.0,47.00000000000025
2020-04-10,4.00000000000002,0.0,0.0,0.0,47.00000000000025
2020-04-11,4.00000000000002,0.0,0.0,0.0,47.00000000000025
2020-04-12,4.00000000000002,0.0,0.0,0.0,47.00000000000025
2020-04-13,4.00000000000002,0.0,0.0,0.0,47.00000000000025
2020-04-14,4.00000000000002,0.0,0.0,0.0,47.00000000000025
2020-04-15,4.00000000000002,0.0,0.0,0.0,47.00000000000025
2020-04-16,4.00000000000002,0.0,0.0,0.0,47.00000000000025
2020-04-17,4.00000000000002,0.0,0.0,0.0,47.00000000000025
2020-04-18,4.00000000000002,0.0,0.0,0.0,47.00000000000025
2020-04-19,4.00000000000002,0.0,0.0,0.0,47.00000000000025
2020-04-20,4.00000000000002,0.0,0.0,0.0,47.00000000000025
2020-04-21,4.00000000000002,0.0,0.0,0.0,47.00000000000025
2020-04-22,4.00000000000002,0.0,0.0,0.0,47.00000000000025
2020-04-23,4.00000000000002,0.0,0.0,0.0,47.00000000000025
2020-04-24,4.00000000000002,0.0,0.0,0.0,47.00000000000025
2020-04-25,4.00000000000002,0.0,0.0,0.0,47.00000000000025
2020-04-26,4.00000000000002,0.0,0.0,0.0,47.00000000000025
2020-04-27,4.00000000000002,0.0,0.0,0.0,47.00000000000025
2020-04-28,4.00000000000002,0.0,0.0,0.0,47.00000000000025
2020-04-29,4.00000000000002,0.0,0.0,0.0,47.00000000000025
2020-04-30,4.00000000000002,0.0,0.0,0.0,47.00000000000025
2020-05-01,4.00000000000002,0.0,0.0,0.0,47.00000000000025
2020-05-02,4.00000000000002,0.0,0.0,0.0,47.00000000000025
2020-05-03,4.00000000000002,0.0,0.0,0.0,47.00000000000025
2020-05-04,4.00000000000002,0.0,0.0,0.0,47.00000000000025
2020-05-05,4.00000000000002,0.0,0.0,0.0,47.00000000000025
2020-05-06,4.00000000000002,0.0,0.0,0.0,47.00000000000025
2020-05-07,4.00000000000002,0.0,0.0,0.0,47.00000000000025
2020-05-08,4.00000000000002,0.0,0.0,0.0,47.00000000000025
2020-05-09,4.00000000000002,0.0,0.0,0.0,47.00000000000025
2020-05-10,4.00000000000002,0.0,0.0,0.0,47.00000000000025
2020-05-11,4.00000000000002,0.0,0.0,0.0,47.00000000000025
2020-05-12,4.00000000000002,0.0,0.0,0.0,47.00000000000025
2020-05-13,4.00000000000002,0.0,0.0,0.0,47.00000000000025
2020-05-14,4.00000000000002,0.0,0.0,0.0,47.00000000000025
2020-05-15,4.00000000000002,0.0,0.0,0.0,47.00000000000025
2020-05-16,4.00000000000002,0.0,0.0,0.0,47.00000000000025
2020-05-17,4.00000000000002,0.0,0.0,0.0,47.00000000000025
2020-05-18,4.00000000000002,0.0,0.0,0.0,47.00000000000025
2020-05-19,4.00000000000002,0.0,0.0,0.0,47.00000000000025
2020-05-20,4.00000000000002,0.0,0.0,0.0,47.00000000000025
2020-05-21,4.00000000000002,0.0,0.0,0.0,47.00000000000025
2020-05-22,4.00000000000002,0.0,0.0,0.0,47.00000000000025
2020-05-23,4.00000000000002,0.0,0.0,0.0,47.00000000000025
2020-05-24,4.00000000000002,0.0,0.0,0.0,47.00000000000025
2020-05-25,4.00000000000002,0.0,0.0,0.0,47.00000000000025
2020-05-26,4.00000000000002,0.0,0.0,0.0,47.00000000000025
2020-05-27,4.00000000000002,0.0,0.0,0.0,47.00000000000025
2020-05-28,4.00000000000002,0.0,0.0,0.0,47.00000000000025
2020-05-29,4.00000000000002,0.0,0.0,0.0,47.00000000000025
2020-05-30,4.00000000000002,0.0,0.0,0.0,47.00000000000025
2020-05-31,4.00000000000002,0.0,0.0,0.0,47.00000000000025
2020-06-01,4.00000000000002,0.0,0.0,0.0,47.00000000000025
2020-06-02,4.00000000000002,0.0,0.0,0.0,47.00000000000025
2020-06-03,4.00000000000002,0.0,0.0,0.0,47.00000000000025
2020-06-04,4.00000000000002,0.0,0.0,0.0,47.00000000000025
2020-06-05,4.00000000000002,0.0,0.0,0.0,47.00000000000025
2020-06-06,4.00000000000002,0.0,0.0,0.0,47.00000000000025
2020-06-07,4.00000000000002,0.0,0.0,0.0,47.00000000000025
2020-06-08,4.00000000000002,0.0,0.0,0.0,47.00000000000025
2020-06-09,4.00000000000002,0.0,0.0,0.0,47.00000000000025
2020-06-10,4.00000000000002,0.0,0.0,0.0,47.00000000000025
2020-06-11,4.00000000000002,0.0,0.0,0.0,47.00000000000025
2020-06-12,4.00000000000002,0.0,0.0,0.0,47.00000000000025
2020-06-13,4.00000000000002,0.0,0.0,0.0,47.00000000000025
2020-06-14,4.00000000000002,0.0,0.0,0.0,47.00000000000025
2020-06-15,4.00000000000002,0.0,0.0,0.0,47.00000000000025
2020-06-16,4.00000000000002,0.0,0.0,0.0,47.00000000000025
2020-06-17,4.00000000000002,0.0,0.0,0.0,47.00000000000025
2020-06-18,4.00000000000002,0.0,0.0,0.0,47.00000000000025
2020-06-19,4.00000000000002,0.0,0.0,0.0,47.00000000000025
2020-06-20,4.00000000000002,0.0,0.0,0.0,47.00000000000025
2020-06-21,4.00000000000002,0.0,0.0,0.0,47.00000000000025
2020-06-22,4.00000000000002,0.0,0.0,0.0,47.00000000000025
2020-06-23,4.00000000000002,0.0,0.0,0.0,47.00000000000025
2020-06-24,4.00000000000002,0.0,0.0,0.0,47.00000000000025
2020-06-25,4.00000000000002,0.0,0.0,0.0,47.00000000000025
2020-06-26,4.00000000000002,0.0,0.0,0.0,47.00000000000025
2020-06-27,4.00000000000002,0.0,0.0,0.0,47.00000000000025
2020-06-28,4.00000000000002,0.0,0.0,0.0,47.00000000000025
2020-06-29,4.00000000000002,0.0,0.0,0.0,47.00000000000025
2020-06-30,4.00000000000002,0.0,0.0,0.0,47.00000000000025
2020-07-01,4.00000000000002,0.0,0.0,0.0,47.00000000000025
2020-07-02,4.00000000000002,0.0,0.0,0.0,47.00000000000025
2020-07-03,4.00000000000002,0.0,0.0,0.0,47.00000000000025
2020-07-04,4.00000000000002,0.0,0.0,0.0,47.00000000000025
2020-07-05,4.00000000000002,0.0,0.0,0.0,47.00000000000025
2020-07-06,4.00000000000002,0.0,0.0,0.0,47.00000000000025
2020-07-07,4.00000000000002,0.0,0.0,0.0,47.00000000000025
2020-07-08,4.00000000000002,0.0,0.0,0.0,47.00000000000025
2020-07-09,4.00000000000002,0.0,0.0,0.0,47.00000000000025
2020-07-10,4.00000000000002,0.0,0.0,0.0,47.00000000000025
2020-07-11,4.00000000000002,0.0,0.0,0.0,47.00000000000025
2020-07-12,4.00000000000002,0.0,0.0,0.0,47.00000000000025
2020-07-13,4.00000000000002,0.0,0.0,0.0,47.00000000000025
2020-07-14,4.00000000000002,0.0,0.0,0.0,47.00000000000025
2020-07-15,4.00000000000002,0.0,0.0,0.0,47.00000000000025
2020-07-16,4.00000000000002,0.0,0.0,0.0,47.00000000000025
2020-07-17,4.00000000000002,0.0,0.0,0.0,47.00000000000025
2020-07-18,4.00000000000002,0.0,0.0,0.0,47.00000000000025
2020-07-19,4.00000000000002,0.0,0.0,0.0,47.00000000000025
2020-07-20,4.00000000000002,0.0,0.0,0.0,47.00000000000025
2020-07-21,4.00000000000002,0.0,0.0,0.0,47.00000000000025
2020-07-22,4.00000000000002,0.0,0.0,0.0,47.00000000000025
2020-07-23,4.00000000000002,0.0,0.0,0.0,47.00000000000025
2020-07-24,4.00000000000002,0.0,0.0,0.0,47.00000000000025
2020-07-25,4.00000000000002,0.0,0.0,0.0,47.00000000000025
2020-07-26,4.00000000000002,0.0,0.0,0.0,47.00000000000025
2020-07-27,4.00000000000002,0.0,0.0,0.0,47.00000000000025
2020-07-28,4.00000000000002,0.0,0.0,0.0,47.00000000000025
2020-07-29,4.00000000000002,0.0,0.0,0.0,47.00000000000025
2020-07-30,4.00000000000002,0.0,0.0,0.0,47.00000000000025
2020-07-31,4.00000000000002,0.0,0.0,0.0,47.00000000000025
2020-08-01,4.00000000000002,0.0,0.0,0.0,47.00000000000025
2020-08-02,4.00000000000002,0.0,0.0,0.0,47.00000000000025
2020-08-03,4.00000000000002,0.0,0.0,0.0,47.00000000000025
2020-08-04,4.00000000000002,0.0,0.0,0.0,47.00000000000025
2020-08-05,4.00000000000002,0.0,0.0,0.0,47.00000000000025
2020-08-06,4.00000000000002,0.0,0.0,0.0,47.00000000000025
2020-08-07,4.00000000000002,0.0,0.0,0.0,47.00000000000025
2020-08-08,4.00000000000002,0.0,0.0,0.0,47.00000000000025
2020-08-09,4.00000000000002,0.0,0.0,0.0,47.00000000000025
2020-08-10,4.00000000000002,0.0,0.0,0.0,47.00000000000025
2020-08-11,4.00000000000002,0.0,0.0,0.0,47.00000000000025
2020-08-12,4.00000000000002,0.0,0.0,0.0,47.00000000000025
2020-08-13,4.00000000000002,0.0,0.0,0.0,47.00000000000025
2020-08-14,4.00000000000002,0.0,0.0,0.0,47.00000000000025
2020-08-15,4.00000000000002,0.0,0.0,0.0,47.00000000000025
2020-08-16,4.00000000000002,0.0,0.0,0.0,47.00000000000025
2020-08-17,4.00000000000002,0.0,0.0,0.0,47.00000000000025
2020-08-18,4.00000000000002,0.0,0.0,0.0,47.00000000000025
2020-08-19,4.00000000000002,0.0,0.0,0.0,47.00000000000025
2020-08-20,4.00000000000002,0.0,0.0,0.0,47.00000000000025
2020-08-21,4.00000000000002,0.0,0.0,0.0,47.00000000000025
2020-08-22,4.00000000000002,0.0,0.0,0.0,47.00000000000025
2020-08-23,4.00000000000002,0.0,0.0,0.0,47.00000000000025
2020-08-24,4.00000000000002,0.0,0.0,0.0,47.00000000000025
2020-08-25,4.00000000000002,0.0,0.0,0.0,47.00000000000025
2020-08-26,4.00000000000002,0.0,0.0,0.0,47.00000000000025
2020-08-27,4.00000000000002,0.0,0.0,0.0,47.00000000000025
2020-08-28,4.00000000000002,0.0,0.0,0.0,47.00000000000025
2020-08-29,4.00000000000002,0.0,0.0,0.0,47.00000000000025
2020-08-30,4.00000000000002,0.0,0.0,0.0,47.00000000000025
2020-08-31,4.00000000000002,0.0,0.0,0.0,47.00000000000025
2020-09-01,4.00000000000002,0.0,0.0,0.0,47.00000000000025
2020-09-02,4.00000000000002,0.0,0.0,0.0,47.00000000000025
2020-09-03,4.00000000000002,0.0,0.0,0.0,47.00000000000025
2020-09-04,4.00000000000002,0.0,0.0,0.0,47.00000000000025
2020-09-05,4.00000000000002,0.0,0.0,0.0,47.00000000000025
2020-09-06,4.00000000000002,0.0,0.0,0.0,47.00000000000025
2020-09-07,4.00000000000002,0.0,0.0,0.0,47.00000000000025
2020-09-08,4.00000000000002,0.0,0.0,0.0,47.00000000000025
2020-09-09,4.00000000000002,0.0,0.0,0.0,47.00000000000025
2020-09-10,4.00000000000002,0.0,0.0,0.0,47.00000000000025
2020-09-11,4.00000000000002,0.0,0.0,0.0,47.00000000000025
2020-09-12,4.00000000000002,0.0,0.0,0.0,47.00000000000025
2020-09-13,4.00000000000002,0.0,0.0,0.0,47.00000000000025
2020-09-14,4.00000000000002,0.0,0.0,0.0,47.00000000000025
2020-09-15,4.00000000000002,0.0,0.0,0.0,47.00000000000025
2020-09-16,4.00000000000002,0.0,0.0,0.0,47.00000000000025
2020-09-17,4.00000000000002,0.0,0.0,0.0,47.00000000000025
2020-09-18,4.00000000000002,0.0,0.0,0.0,47.00000000000025
2020-09-19,4.00000000000002,0.0,0.0,0.0,47.00000000000025
2020-09-20,4.00000000000002,0.0,0.0,0.0,47.00000000000025
2020-09-21,4.00000000000002,0.0,0.0,0.0,47.00000000000025
2020-09-22,4.00000000000002,0.0,0.0,0.0,47.00000000000025
2020-09-23,4.00000000000002,0.0,0.0,0.0,47.00000000000025
2020-09-24,4.00000000000002,0.0,0.0,0.0,47.00000000000025
2020-09-25,4.00000000000002,0.0,0.0,0.0,47.00000000000025
2020-09-26,4.00000000000002,0.0,0.0,0.0,47.00000000000025
2020-09-27,4.00000000000002,0.0,0.0,0.0,47.00000000000025
2020-09-28,4.00000000000002,0.0,0.0,0.0,47.00000000000025
2020-09-29,4.00000000000002,0.0,0.0,0.0,47.00000000000025
2020-09-30,4.00000000000002,0.0,0.0,0.0,47.00000000000025
2020-10-01,4.00000000000002,0.0,0.0,0.0,47.00000000000025
2020-10-02,4.00000000000002,0.0,0.0,0.0,47.00000000000025
2020-10-03,4.00000000000002,0.0,0.0,0.0,47.00000000000025
2020-10-04,4.00000000000002,0.0,0.0,0.0,47.00000000000025
2020-10-05,4.00000000000002,0.0,0.0,0.0,47.00000000000025
2020-10-06,4.00000000000002,0.0,0.0,0.0,47.00000000000025
2020-10-07,4.00000000000002,0.0,0.0,0.0,47.00000000000025
2020-10-08,4.00000000000002,0.0,0.0,0.0,47.00000000000025
2020-10-09,4.00000000000002,0.0,0.0,0.0,47.00000000000025
2020-10-10,4.00000000000002,0.0,0.0,0.0,47.00000000000025
2020-10-11,4.00000000000002,0.0,0.0,0.0,47.00000000000025
2020-10-12,4.00000000000002,0.0,0.0,0.0,47.00000000000025
2020-10-13,4.00000000000002,0.0,0.0,0.0,47.00000000000025
2020-10-14,4.00000000000002,0.0,0.0,0.0,47.00000000000025
2020-10-15,4.00000000000002,0.0,0.0,0.0,47.00000000000025
2020-10-16,4.00000000000002,0.0,0.0,0.0,47.00000000000025
2020-10-17,4.00000000000002,0.0,0.0,0.0,47.00000000000025
2020-10-18,4.00000000000002,0.0,0.0,0.0,47.00000000000025
2020-10-19,4.00000000000002,0.0,0.0,0.0,47.00000000000025
2020-10-20,4.00000000000002,0.0,0.0,0.0,47.00000000000025
2020-10-21,4.00000000000002,0.0,0.0,0.0,47.00000000000025
2020-10-22,4.00000000000002,0.0,0.0,0.0,47.00000000000025
2020-10-23,4.00000000000002,0.0,0.0,0.0,47.00000000000025
2020-10-24,4.00000000000002,0.0,0.0,0.0,47.00000000000025
2020-10-25,4.00000000000002,0.0,0.0,0.0,47.00000000000025
2020-10-26,4.00000000000002,0.0,0.0,0.0,47.00000000000025
2020-10-27,4.00000000000002,0.0,0.0,0.0,47.00000000000025
2020-10-28,4.00000000000002,0.0,0.0,0.0,47.00000000000025
2020-10-29,4.00000000000002,0.0,0.0,0.0,47.00000000000025
2020-10-30,4.00000000000002,0.0,0.0,0.0,47.00000000000025
2020-10-31,4.00000000000002,0.0,0.0,0.0,47.00000000000025
2020-11-01,4.00000000000002,0.0,0.0,0.0,47.00000000000025
2020-11-02,4.00000000000002,0.0,0.0,0.0,47.00000000000025
2020-11-03,4.00000000000002,0.0,0.0,0.0,47.00000000000025
2020-11-04,4.00000000000002,0.0,0.0,0.0,47.00000000000025
2020-11-05,4.00000000000002,0.0,0.0,0.0,47.00000000000025
2020-11-06,4.00000000000002,0.0,0.0,0.0,47.00000000000025
2020-11-07,4.00000000000002,0.0,0.0,0.0,47.00000000000025
2020-11-08,4.00000000000002,0.0,0.0,0.0,47.00000000000025
2020-11-09,4.00000000000002,0.0,0.0,0.0,47.00000000000025
2020-11-10,4.00000000000002,0.0,0.0,0.0,47.00000000000025
2020-11-11,4.00000000000002,0.0,0.0,0.0,47.00000000000025
2020-11-12,4.00000000000002,0.0,0.0,0.0,47.00000000000025
2020-11-13,4.00000000000002,0.0,0.0,0.0,47.00000000000025
2020-11-14,4.00000000000002,0.0,0.0,0.0,47.00000000000025
2020-11-15,4.00000000000002,0.0,0.0,0.0,47.00000000000025
2020-11-16,4.00000000000002,0.0,0.0,0.0,47.00000000000025
2020-11-17,4.00000000000002,0.0,0.0,0.0,47.00000000000025
2020-11-18,4.00000000000002,0.0,0.0,0.0,47.00000000000025
2020-11-19,4.00000000000002,0.0,0.0,0.0,47.00000000000025
2020-11-20,4.00000000000002,0.0,0.0,0.0,47.00000000000025
2020-11-21,4.00000000000002,0.0,0.0,0.0,47.00000000000025
2020-11-22,4.00000000000002,0.0,0.0,0.0,47.00000000000025
2020-11-23,4.00000000000002,0.0,0.0,0.0,47.00000000000025
2020-11-24,4.00000000000002,0.0,0.0,0.0,47.00000000000025
2020-11-25,4.00000000000002,0.0,0.0,0.0,47.00000000000025
2020-11-26,4.00000000000002,0.0,0.0,0.0,47.00000000000025
2020-11-27,4.00000000000002,0.0,0.0,0.0,47.00000000000025
2020-11-28,4.00000000000002,0.0,0.0,0.0,47.00000000000025
2020-11-29,4.00000000000002,0.0,0.0,0.0,47.00000000000025
2020-11-30,4.00000000000002,0.0,0.0,0.0,47.00000000000025
2020-12-01,4.00000000000002,0.0,0.0,0.0,47.00000000000025
2020-12-02,4.00000000000002,0.0,0.0,0.0,47.00000000000025
2020-12-03,4.00000000000002,0.0,0.0,0.0,47.00000000000025
2020-12-04,4.00000000000002,0.0,0.0,0.0,47.00000000000025
2020-12-05,4.00000000000002,0.0,0.0,0.0,47.00000000000025
2020-12-06,4.00000000000002,0.0,0.0,0.0,47.00000000000025
2020-12-07,4.00000000000002,0.0,0.0,0.0,47.00000000000025
2020-12-08,4.00000000000002,0.0,0.0,0.0,47.00000000000025
2020-12-09,4.00000000000002,0.0,0.0,0.0,47.00000000000025
2020-12-10,4.00000000000002,0.0,0.0,0.0,47.00000000000025
2020-12-11,4.00000000000002,0.0,0.0,0.0,47.00000000000025
2020-12-12,4.00000000000002,0.0,0.0,0.0,47.00000000000025
2020-12-13,4.00000000000002,0.0,0.0,0.0,47.00000000000025
2020-12-14,4.00000000000002,0.0,0.0,0.0,47.00000000000025
2020-12-15,4.00000000000002,0.0,0.0,0.0,47.00000000000025
2020-12-16,4.00000000000002,0.0,0.0,0.0,47.00000000000025
2020-12-17,4.00000000000002,0.0,0.0,0.0,47.00000000000025
2020-12-18,4.00000000000002,0.0,0.0,0.0,47.00000000000025
2020-12-19,4.00000000000002,0.0,0.0,0.0,47.00000000000025
2020-12-20,4.00000000000002,0.0,0.0,0.0,47.00000000000025
2020-12-21,4.00000000000002,0.0,0.0,0.0,47.00000000000025
2020-12-22,4.00000000000002,0.0,0.0,0.0,47.00000000000025
2020-12-23,4.00000000000002,0.0,0.0,0.0,47.00000000000025
2020-12-24,4.00000000000002,0.0,0.0,0.0,47.00000000000025
2020-12-25,4.00000000000002,0.0,0.0,0.0,47.00000000000025
2020-12-26,4.00000000000002,0.0,0.0,0.0,47.00000000000025
2020-12-27,4.00000000000002,0.0,0.0,0.0,47.00000000000025
2020-12-28,4.00000000000002,0.0,0.0,0.0,47.00000000000025
2020-12-29,4.00000000000002,0.0,0.0,0.0,47.00000000000025
2020-12-30,4.00000000000002,0.0,0.0,0.0,47.00000000000025
2020-12-31,4.00000000000002,0.0,0.0,0.0,47.00000000000025
2021-01-01,4.00000000000002,0.0,0.0,0.0,47.00000000000025
2021-01-02,4.00000000000002,0.0,0.0,0.0,47.00000000000025
2021-01-03,4.00000000000002,0.0,0.0,0.0,47.00000000000025
2021-01-04,4.00000000000002,0.0,0.0,0.0,47.00000000000025
2021-01-05,4.00000000000002,0.0,0.0,0.0,47.00000000000025
2021-01-06,4.00000000000002,0.0,0.0,0.0,47.00000000000025
2021-01-07,4.00000000000002,0.0,0.0,0.0,47.00000000000025
2021-01-08,4.00000000000002,0.0,0.0,0.0,47.00000000000025
2021-01-09,4.00000000000002,0.0,0.0,0.0,47.00000000000025
2021-01-10,4.00000000000002,0.0,0.0,0.0,47.00000000000025
2021-01-11,4.00000000000002,0.0,0.0,0.0,47.00000000000025
2021-01-12,4.00000000000002,0.0,0.0,0.0,47.00000000000025
2021-01-13,4.00000000000002,0.0,0.0,0.0,47.00000000000025
2021-01-14,4.00000000000002,0.0,0.0,0.0,47.00000000000025
2021-01-15,4.00000000000002,0.0,0.0,0.0,47.00000000000025
2021-01-16,4.00000000000002,0.0,0.0,0.0,47.00000000000025
2021-01-17,4.00000000000002,0.0,0.0,0.0,47.00000000000025
2021-01-18,4.00000000000002,0.0,0.0,0.0,47.00000000000025
2021-01-19,4.00000000000002,0.0,0.0,0.0,47.00000000000025
2021-01-20,4.00000000000002,0.0,0.0,0.0,47.00000000000025
2021-01-21,4.00000000000002,0.0,0.0,0.0,47.00000000000025
2021-01-22,4.00000000000002,0.0,0.0,0.0,47.00000000000025
2021-01-23,4.00000000000002,0.0,0.0,0.0,47.00000000000025
2021-01-24,4.00000000000002,0.0,0.0,0.0,47.00000000000025
2021-01-25,4.00000000000002,0.0,0.0,0.0,47.00000000000025
2021-01-26,4.00000000000002,0.0,0.0,0.0,47.00000000000025
2021-01-27,4.00000000000002,0.0,0.0,0.0,47.00000000000025
2021-01-28,4.00000000000002,0.0,0.0,0.0,47.00000000000025
2021-01-29,4.00000000000002,0.0,0.0,0.0,47.00000000000025
2021-01-30,4.00000000000002,0.0,0.0,0.0,47.00000000000025
2021-01-31,4.00000000000002,0.0,0.0,0.0,47.00000000000025
2021-02-01,4.00000000000002,0.0,0.0,0.0,47.00000000000025
2021-02-02,4.00000000000002,0.0,0.0,0.0,47.00000000000025
2021-02-03,4.00000000000002,0.0,0.0,0.0,47.00000000000025
2021-02-04,4.00000000000002,0.0,0.0,0.0,47.00000000000025
2021-02-05,4.00000000000002,0.0,0.0,0.0,47.00000000000025
2021-02-06,4.00000000000002,0.0,0.0,0.0,47.00000000000025
2021-02-07,4.00000000000002,0.0,0.0,0.0,47.00000000000025
2021-02-08,4.00000000000002,0.0,0.0,0.0,47.00000000000025
2021-02-09,4.00000000000002,0.0,0.0,0.0,47.00000000000025
2021-02-10,4.00000000000002,0.0,0.0,0.0,47.00000000000025
2021-02-11,4.00000000000002,0.0,0.0,0.0,47.00000000000025
2021-02-12,4.00000000000002,0.0,0.0,0.0,47.00000000000025
2021-02-13,4.00000000000002,0.0,0.0,0.0,47.00000000000025
2021-02-14,4.00000000000002,0.0,0.0,0.0,47.00000000000025
2021-02-15,4.00000000000002,0.0,0.0,0.0,47.00000000000025
2021-02-16,4.00000000000002,0.0,0.0,0.0,47.00000000000025
2021-02-17,4.00000000000002,0.0,0.0,0.0,47.00000000000025
2021-02-18,4.00000000000002,0.0,0.0,0.0,47.00000000000025
2021-02-19,4.00000000000002,0.0,0.0,0.0,47.00000000000025
2021-02-20,4.00000000000002,0.0,0.0,0.0,47.00000000000025
2021-02-21,4.00000000000002,0.0,0.0,0.0,47.00000000000025
2021-02-22,4.00000000000002,0.0,0.0,0.0,47.00000000000025
2021-02-23,4.00000000000002,0.0,0.0,0.0,47.00000000000025
2021-02-24,4.00000000000002,0.0,0.0,0.0,47.00000000000025
2021-02-25,4.00000000000002,0.0,0.0,0.0,47.00000000000025
2021-02-26,4.00000000000002,0.0,0.0,0.0,47.00000000000025
2021-02-27,4.00000000000002,0.0,0.0,0.0,47.00000000000025
2021-02-28,4.00000000000002,0.0,0.0,0.0,47.00000000000025
2021-03-01,4.00000000000002,0.0,0.0,0.0,47.00000000000025
2021-03-02,4.00000000000002,0.0,0.0,0.0,47.00000000000025
2021-03-03,4.00000000000002,0.0,0.0,0.0,47.00000000000025
2021-03-04,4.00000000000002,0.0,0.0,0.0,47.00000000000025
2021-03-05,4.00000000000002,0.0,0.0,0.0,47.00000000000025
2021-03-06,4.00000000000002,0.0,0.0,0.0,47.00000000000025
2021-03-07,4.00000000000002,0.0,0.0,0.0,47.00000000000025
2021-03-08,4.00000000000002,0.0,0.0,0.0,47.00000000000025
2021-03-09,4.00000000000002,0.0,0.0,0.0,47.00000000000025
2021-03-10,4.00000000000002,0.0,0.0,0.0,47.00000000000025
2021-03-11,4.00000000000002,0.0,0.0,0.0,47.00000000000025
2021-03-12,4.00000000000002,0.0,0.0,0.0,47.00000000000025
2021-03-13,4.00000000000002,0.0,0.0,0.0,47.00000000000025
2021-03-14,4.00000000000002,0.0,0.0,0.0,47.00000000000025
2021-03-15,4.00000000000002,0.0,0.0,0.0,47.00000000000025
2021-03-16,4.00000000000002,0.0,0.0,0.0,47.00000000000025
2021-03-17,4.00000000000002,0.0,0.0,0.0,47.00000000000025
2021-03-18,4.00000000000002,0.0,0.0,0.0,47.00000000000025
2021-03-19,4.00000000000002,0.0,0.0,0.0,47.00000000000025
2021-03-20,4.00000000000002,0.0,0.0,0.0,47.00000000000025
2021-03-21,4.00000000000002,0.0,0.0,0.0,47.00000000000025
2021-03-22,4.00000000000002,0.0,0.0,0.0,47.00000000000025
2021-03-23,4.00000000000002,0.0,0.0,0.0,47.00000000000025
2021-03-24,4.00000000000002,0.0,0.0,0.0,47.00000000000025
2021-03-25,4.00000000000002,0.0,0.0,0.0,47.00000000000025
2021-03-26,4.00000000000002,0.0,0.0,0.0,47.00000000000025
2021-03-27,4.00000000000002,0.0,0.0,0.0,47.00000000000025
2021-03-28,4.00000000000002,0.0,0.0,0.0,47.00000000000025
2021-03-29,4.00000000000002,0.0,0.0,0.0,47.00000000000025
2021-03-30,4.00000000000002,0.0,0.0,0.0,47.00000000000025
2021-03-31,4.00000000000002,0.0,0.0,0.0,47.00000000000025
2021-04-01,4.00000000000002,0.0,0.0,0.0,47.00000000000025
2021-04-02,4.00000000000002,0.0,0.0,0.0,47.00000000000025
2021-04-03,4.00000000000002,0.0,0.0,0.0,47.00000000000025
2021-04-04,4.00000000000002,0.0,0.0,0.0,47.00000000000025
2021-04-05,4.00000000000002,0.0,0.0,0.0,47.00000000000025
2021-04-06,4.00000000000002,0.0,0.0,0.0,47.00000000000025
2021-04-07,4.00000000000002,0.0,0.0,0.0,47.00000000000025
2021-04-08,4.00000000000002,0.0,0.0,0.0,47.00000000000025
2021-04-09,4.00000000000002,0.0,0.0,0.0,47.00000000000025
2021-04-10,4.00000000000002,0.0,0.0,0.0,47.00000000000025
2021-04-11,4.00000000000002,0.0,0.0,0.0,47.00000000000025
2021-04-12,4.00000000000002,0.0,0.0,0.0,47.00000000000025
2021-04-13,4.00000000000002,0.0,0.0,0.0,47.00000000000025
2021-04-14,4.00000000000002,0.0,0.0,0.0,47.00000000000025
2021-04-15,4.00000000000002,0.0,0.0,0.0,47.00000000000025
2021-04-16,4.00000000000002,0.0,0.0,0.0,47.00000000000025
2021-04-17,4.00000000000002,0.0,0.0,0.0,47.00000000000025
2021-04-18,4.00000000000002,0.0,0.0,0.0,47.00000000000025
2021-04-19,4.00000000000002,0.0,0.0,0.0,47.00000000000025
2021-04-20,4.00000000000002,0.0,0.0,0.0,47.00000000000025
2021-04-21,4.00000000000002,0.0,0.0,0.0,47.00000000000025
2021-04-22,4.00000000000002,0.0,0.0,0.0,47.00000000000025
2021-04-23,4.00000000000002,0.0,0.0,0.0,47.00000000000025
2021-04-24,4.00000000000002,0.0,0.0,0.0,47.00000000000025
2021-04-25,4.00000000000002,0.0,0.0,0.0,47.00000000000025
2021-04-26,4.00000000000002,0.0,0.0,0.0,47.00000000000025
2021-04-27,4.00000000000002,0.0,0.0,0.0,47.00000000000025
2021-04-28,4.00000000000002,0.0,0.0,0.0,47.00000000000025
2021-04-29,4.00000000000002,0.0,0.0,0.0,47.00000000000025
2021-04-30,4.00000000000002,0.0,0.0,0.0,47.00000000000025
2021-05-01,4.00000000000002,0.0,0.0,0.0,47.00000000000025
2021-05-02,4.00000000000002,0.0,0.0,0.0,47.00000000000025
2021-05-03,4.00000000000002,0.0,0.0,0.0,47.00000000000025
2021-05-04,4.00000000000002,0.0,0.0,0.0,47.00000000000025
2021-05-05,4.00000000000002,0.0,0.0,0.0,47.00000000000025
2021-05-06,4.00000000000002,0.0,0.0,0.0,47.00000000000025
2021-05-07,4.00000000000002,0.0,0.0,0.0,47.00000000000025
2021-05-08,4.00000000000002,0.0,0.0,0.0,47.00000000000025
2021-05-09,4.00000000000002,0.0,0.0,0.0,47.00000000000025
2021-05-10,4.00000000000002,0.0,0.0,0.0,47.00000000000025
2021-05-11,4.00000000000002,0.0,0.0,0.0,47.00000000000025
2021-05-12,4.00000000000002,0.0,0.0,0.0,47.00000000000025
2021-05-13,4.00000000000002,0.0,0.0,0.0,47.00000000000025
2021-05-14,4.00000000000002,0.0,0.0,0.0,47.00000000000025
2021-05-15,4.00000000000002,0.0,0.0,0.0,47.00000000000025
2021-05-16,4.00000000000002,0.0,0.0,0.0,47.00000000000025
2021-05-17,4.00000000000002,0.0,0.0,0.0,47.00000000000025
2021-05-18,4.00000000000002,0.0,0.0,0.0,47.00000000000025
2021-05-19,4.00000000000002,0.0,0.0,0.0,47.00000000000025
2021-05-20,4.00000000000002,0.0,0.0,0.0,47.00000000000025
2021-05-21,4.00000000000002,0.0,0.0,0.0,47.00000000000025
2021-05-22,4.00000000000002,0.0,0.0,0.0,47.00000000000025
2021-05-23,4.00000000000002,0.0,0.0,0.0,47.00000000000025
2021-05-24,4.00000000000002,0.0,0.0,0.0,47.00000000000025
2021-05-25,4.00000000000002,0.0,0.0,0.0,47.00000000000025
2021-05-26,4.00000000000002,0.0,0.0,0.0,47.00000000000025
2021-05-27,4.00000000000002,0.0,0.0,0.0,47.00000000000025
2021-05-28,4.00000000000002,0.0,0.0,0.0,47.00000000000025
2021-05-29,4.00000000000002,0.0,0.0,0.0,47.00000000000025
2021-05-30,4.00000000000002,0.0,0.0,0.0,47.00000000000025
2021-05-31,4.00000000000002,0.0,0.0,0.0,47.00000000000025
2021-06-01,4.00000000000002,0.0,0.0,0.0,47.00000000000025
2021-06-02,4.00000000000002,0.0,0.0,0.0,47.00000000000025
2021-06-03,4.00000000000002,0.0,0.0,0.0,47.00000000000025
2021-06-04,4.00000000000002,0.0,0.0,0.0,47.00000000000025
2021-06-05,4.00000000000002,0.0,0.0,0.0,47.00000000000025
2021-06-06,4.00000000000002,0.0,0.0,0.0,47.00000000000025
2021-06-07,4.00000000000002,0.0,0.0,0.0,47.00000000000025
2021-06-08,4.00000000000002,0.0,0.0,0.0,47.00000000000025
2021-06-09,4.00000000000002,0.0,0.0,0.0,47.00000000000025
2021-06-10,4.00000000000002,0.0,0.0,0.0,47.00000000000025
2021-06-11,4.00000000000002,0.0,0.0,0.0,47.00000000000025
2021-06-12,4.00000000000002,0.0,0.0,0.0,47.00000000000025
2021-06-13,4.00000000000002,0.0,0.0,0.0,47.00000000000025
2021-06-14,4.00000000000002,0.0,0.0,0.0,47.00000000000025
2021-06-15,4.00000000000002,0.0,0.0,0.0,47.00000000000025
2021-06-16,4.00000000000002,0.0,0.0,0.0,47.00000000000025
2021-06-17,4.00000000000002,0.0,0.0,0.0,47.00000000000025
2021-06-18,4.00000000000002,0.0,0.0,0.0,47.00000000000025
2021-06-19,4.00000000000002,0.0,0.0,0.0,47.00000000000025
2021-06-20,4.00000000000002,0.0,0.0,0.0,47.00000000000025
2021-06-21,4.00000000000002,0.0,0.0,0.0,47.00000000000025
2021-06-22,4.00000000000002,0.0,0.0,0.0,47.00000000000025
2021-06-23,4.00000000000002,0.0,0.0,0.0,47.00000000000025
2021-06-24,4.00000000000002,0.0,0.0,0.0,47.00000000000025
2021-06-25,4.00000000000002,0.0,0.0,0.0,47.00000000000025
2021-06-26,4.00000000000002,0.0,0.0,0.0,47.00000000000025
2021-06-27,4.00000000000002,0.0,0.0,0.0,47.00000000000025
2021-06-28,4.00000000000002,0.0,0.0,0.0,47.00000000000025
2021-06-29,4.00000000000002,0.0,0.0,0.0,47.00000000000025
2021-06-30,4.00000000000002,0.0,0.0,0.0,47.00000000000025
2021-07-01,4.00000000000002,0.0,0.0,0.0,47.00000000000025
2021-07-02,4.00000000000002,0.0,0.0,0.0,47.00000000000025
2021-07-03,4.00000000000002,0.0,0.0,0.0,47.00000000000025
2021-07-04,4.00000000000002,0.0,0.0,0.0,47.00000000000025
2021-07-05,4.00000000000002,0.0,0.0,0.0,47.00000000000025
2021-07-06,4.00000000000002,0.0,0.0,0.0,47.00000000000025
2021-07-07,4.00000000000002,0.0,0.0,0.0,47.00000000000025
2021-07-08,4.00000000000002,0.0,0.0,0.0,47.00000000000025
2021-07-09,4.00000000000002,0.0,0.0,0.0,47.00000000000025
2021-07-10,4.00000000000002,0.0,0.0,0.0,47.00000000000025
2021-07-11,4.00000000000002,0.0,0.0,0.0,47.00000000000025
2021-07-12,4.00000000000002,0.0,0.0,0.0,47.00000000000025
2021-07-13,4.00000000000002,0.0,0.0,0.0,47.00000000000025
2021-07-14,4.00000000000002,0.0,0.0,0.0,47.00000000000025
2021-07-15,4.00000000000002,0.0,0.0,0.0,47.00000000000025
2021-07-16,4.00000000000002,0.0,0.0,0.0,47.00000000000025
2021-07-17,4.00000000000002,0.0,0.0,0.0,47.00000000000025
2021-07-18,4.00000000000002,0.0,0.0,0.0,47.00000000000025
2021-07-19,4.00000000000002,0.0,0.0,0.0,47.00000000000025
2021-07-20,4.00000000000002,0.0,0.0,0.0,47.00000000000025
2021-07-21,4.00000000000002,0.0,0.0,0.0,47.00000000000025
2021-07-22,4.00000000000002,0.0,0.0,0.0,47.00000000000025
2021-07-23,4.00000000000002,0.0,0.0,0.0,47.00000000000025
2021-07-24,4.00000000000002,0.0,0.0,0.0,47.00000000000025
2021-07-25,4.00000000000002,0.0,0.0,0.0,47.00000000000025
2021-07-26,4.00000000000002,0.0,0.0,0.0,47.00000000000025
2021-07-27,4.00000000000002,0.0,0.0,0.0,47.00000000000025
2021-07-28,4.00000000000002,0.0,0.0,0.0,47.00000000000025
2021-07-29,4.00000000000002,0.0,0.0,0.0,47.00000000000025
2021-07-30,4.00000000000002,0.0,0.0,0.0,47.00000000000025
2021-07-31,4.00000000000002,0.0,0.0,0.0,47.00000000000025
2021-08-01,4.00000000000002,0.0,0.0,0.0,47.00000000000025
2021-08-02,4.00000000000002,0.0,0.0,0.0,47.00000000000025
2021-08-03,4.00000000000002,0.0,0.0,0.0,47.00000000000025
2021-08-04,4.00000000000002,0.0,0.0,0.0,47.00000000000025
2021-08-05,4.00000000000002,0.0,0.0,0.0,47.00000000000025
2021-08-06,4.00000000000002,0.0,0.0,0.0,47.00000000000025
2021-08-07,4.00000000000002,0.0,0.0,0.0,47.00000000000025
2021-08-08,4.00000000000002,0.0,0.0,0.0,47.00000000000025
2021-08-09,4.00000000000002,0.0,0.0,0.0,47.00000000000025
2021-08-10,4.00000000000002,0.0,0.0,0.0,47.00000000000025
2021-08-11,4.00000000000002,0.0,0.0,0.0,47.00000000000025
2021-08-12,4.00000000000002,0.0,0.0,0.0,47.00000000000025
2021-08-13,4.00000000000002,0.0,0.0,0.0,47.00000000000025
2021-08-14,4.00000000000002,0.0,0.0,0.0,47.00000000000025
2021-08-15,4.00000000000002,0.0,0.0,0.0,47.00000000000025
2021-08-16,4.00000000000002,0.0,0.0,0.0,47.00000000000025
2021-08-17,4.00000000000002,0.0,0.0,0.0,47.00000000000025
2021-08-18,4.00000000000002,0.0,0.0,0.0,47.00000000000025
2021-08-19,4.00000000000002,0.0,0.0,0.0,47.00000000000025
2021-08-20,4.00000000000002,0.0,0.0,0.0,47.00000000000025
2021-08-21,4.00000000000002,0.0,0.0,0.0,47.00000000000025
2021-08-22,4.00000000000002,0.0,0.0,0.0,47.00000000000025
2021-08-23,4.00000000000002,0.0,0.0,0.0,47.00000000000025
2021-08-24,4.00000000000002,0.0,0.0,0.0,47.00000000000025
2021-08-25,4.00000000000002,0.0,0.0,0.0,47.00000000000025
2021-08-26,4.00000000000002,0.0,0.0,0.0,47.00000000000025
2021-08-27,4.00000000000002,0.0,0.0,0.0,47.00000000000025
2021-08-28,4.00000000000002,0.0,0.0,0.0,47.00000000000025
2021-08-29,4.00000000000002,0.0,0.0,0.0,47.00000000000025
2021-08-30,4.00000000000002,0.0,0.0,0.0,47.00000000000025
2021-08-31,4.00000000000002,0.0,0.0,0.0,47.00000000000025
2021-09-01,4.00000000000002,0.0,0.0,0.0,47.00000000000025
2021-09-02,4.00000000000002,0.0,0.0,0.0,47.00000000000025
2021-09-03,4.00000000000002,0.0,0.0,0.0,47.00000000000025
2021-09-04,4.00000000000002,0.0,0.0,0.0,47.00000000000025
2021-09-05,4.00000000000002,0.0,0.0,0.0,47.00000000000025
2021-09-06,4.00000000000002,0.0,0.0,0.0,47.00000000000025
2021-09-07,4.00000000000002,0.0,0.0,0.0,47.00000000000025
2021-09-08,4.00000000000002,0.0,0.0,0.0,47.00000000000025
2021-09-09,4.00000000000002,0.0,0.0,0.0,47.00000000000025
2021-09-10,4.00000000000002,0.0,0.0,0.0,47.00000000000025
2021-09-11,4.00000000000002,0.0,0.0,0.0,47.00000000000025
2021-09-12,4.00000000000002,0.0,0.0,0.0,47.00000000000025
2021-09-13,4.00000000000002,0.0,0.0,0.0,47.00000000000025
2021-09-14,4.00000000000002,0.0,0.0,0.0,47.00000000000025
2021-09-15,4.00000000000002,0.0,0.0,0.0,47.00000000000025
2021-09-16,4.00000000000002,0.0,0.0,0.0,47.00000000000025
2021-09-17,4.00000000000002,0.0,0.0,0.0,47.00000000000025
2021-09-18,4.00000000000002,0.0,0.0,0.0,47.00000000000025
2021-09-19,4.00000000000002,0.0,0.0,0.0,47.00000000000025
2021-09-20,4.00000000000002,0.0,0.0,0.0,47.00000000000025
2021-09-21,4.00000000000002,0.0,0.0,0.0,47.00000000000025
2021-09-22,4.00000000000002,0.0,0.0,0.0,47.00000000000025
2021-09-23,4.00000000000002,0.0,0.0,0.0,47.00000000000025
2021-09-24,4.00000000000002,0.0,0.0,0.0,47.00000000000025
2021-09-25,4.00000000000002,0.0,0.0,0.0,47.00000000000025
2021-09-26,4.00000000000002,0.0,0.0,0.0,47.00000000000025
2021-09-27,4.00000000000002,0.0,0.0,0.0,47.00000000000025
2021-09-28,4.00000000000002,0.0,0.0,0.0,47.00000000000025
2021-09-29,4.00000000000002,0.0,0.0,0.0,47.00000000000025
2021-09-30,4.00000000000002,0.0,0.0,0.0,47.00000000000025
2021-10-01,4.00000000000002,0.0,0.0,0.0,47.00000000000025
2021-10-02,4.00000000000002,0.0,0.0,0.0,47.00000000000025
2021-10-03,4.00000000000002,0.0,0.0,0.0,47.00000000000025
2021-10-04,4.00000000000002,0.0,0.0,0.0,47.00000000000025
2021-10-05,4.00000000000002,0.0,0.0,0.0,47.00000000000025
2021-10-06,4.00000000000002,0.0,0.0,0.0,47.00000000000025
2021-10-07,4.00000000000002,0.0,0.0,0.0,47.00000000000025
2021-10-08,4.00000000000002,0.0,0.0,0.0,47.00000000000025
2021-10-09,4.00000000000002,0.0,0.0,0.0,47.00000000000025
2021-10-10,4.00000000000002,0.0,0.0,0.0,47.00000000000025
2021-10-11,4.00000000000002,0.0,0.0,0.0,47.00000000000025
2021-10-12,4.00000000000002,0.0,0.0,0.0,47.00000000000025
2021-10-13,4.00000000000002,0.0,0.0,0.0,47.00000000000025
2021-10-14,4.00000000000002,0.0,0.0,0.0,47.00000000000025
2021-10-15,4.00000000000002,0.0,0.0,0.0,47.00000000000025
2021-10-16,4.00000000000002,0.0,0.0,0.0,47.00000000000025
2021-10-17,4.00000000000002,0.0,0.0,0.0,47.00000000000025
2021-10-18,4.00000000000002,0.0,0.0,0.0,47.00000000000025
2021-10-19,4.00000000000002,0.0,0.0,0.0,47.00000000000025
2021-10-20,4.00000000000002,0.0,0.0,0.0,47.00000000000025
2021-10-21,4.00000000000002,0.0,0.0,0.0,47.00000000000025
2021-10-22,4.00000000000002,0.0,0.0,0.0,47.00000000000025
2021-10-23,4.00000000000002,0.0,0.0,0.0,47.00000000000025
2021-10-24,4.00000000000002,0.0,0.0,0.0,47.00000000000025
2021-10-25,4.00000000000002,0.0,0.0,0.0,47.00000000000025
2021-10-26,4.00000000000002,0.0,0.0,0.0,47.00000000000025
2021-10-27,4.00000000000002,0.0,0.0,0.0,47.00000000000025
2021-10-28,4.00000000000002,0.0,0.0,0.0,47.00000000000025
2021-10-29,4.00000000000002,0.0,0.0,0.0,47.00000000000025
2021-10-30,4.00000000000002,0.0,0.0,0.0,47.00000000000025
2021-10-31,4.00000000000002,0.0,0.0,0.0,47.00000000000025
2021-11-01,4.00000000000002,0.0,0.0,0.0,47.00000000000025
2021-11-02,4.00000000000002,0.0,0.0,0.0,47.00000000000025
2021-11-03,4.00000000000002,0.0,0.0,0.0,47.00000000000025
2021-11-04,4.00000000000002,0.0,0.0,0.0,47.00000000000025
2021-11-05,4.00000000000002,0.0,0.0,0.0,47.00000000000025
2021-11-06,4.00000000000002,0.0,0.0,0.0,47.00000000000025
2021-11-07,4.00000000000002,0.0,0.0,0.0,47.00000000000025
2021-11-08,4.00000000000002,0.0,0.0,0.0,47.00000000000025
2021-11-09,4.00000000000002,0.0,0.0,0.0,47.00000000000025
2021-11-10,4.00000000000002,0.0,0.0,0.0,47.00000000000025
2021-11-11,4.00000000000002,0.0,0.0,0.0,47.00000000000025
2021-11-12,4.00000000000002,0.0,0.0,0.0,47.00000000000025
2021-11-13,4.00000000000002,0.0,0.0,0.0,47.00000000000025
2021-11-14,4.00000000000002,0.0,0.0,0.0,47.00000000000025
2021-11-15,4.00000000000002,0.0,0.0,0.0,47.00000000000025
2021-11-16,4.00000000000002,0.0,0.0,0.0,47.00000000000025
2021-11-17,4.00000000000002,0.0,0.0,0.0,47.00000000000025
2021-11-18,4.00000000000002,0.0,0.0,0.0,47.00000000000025
2021-11-19,4.00000000000002,0.0,0.0,0.0,47.00000000000025
2021-11-20,4.00000000000002,0.0,0.0,0.0,47.00000000000025
2021-11-21,4.00000000000002,0.0,0.0,0.0,47.00000000000025
2021-11-22,4.00000000000002,0.0,0.0,0.0,47.00000000000025
2021-11-23,4.00000000000002,0.0,0.0,0.0,47.00000000000025
2021-11-24,4.00000000000002,0.0,0.0,0.0,47.00000000000025
2021-11-25,4.00000000000002,0.0,0.0,0.0,47.00000000000025
2021-11-26,4.00000000000002,0.0,0.0,0.0,47.00000000000025
2021-11-27,4.00000000000002,0.0,0.0,0.0,47.00000000000025
2021-11-28,4.00000000000002,0.0,0.0,0.0,47.00000000000025
2021-11-29,4.00000000000002,0.0,0.0,0.0,47.00000000000025
2021-11-30,4.00000000000002,0.0,0.0,0.0,47.00000000000025
2021-12-01,4.00000000000002,0.0,0.0,0.0,47.00000000000025
2021-12-02,4.00000000000002,0.0,0.0,0.0,47.00000000000025
2021-12-03,4.00000000000002,0.0,0.0,0.0,47.00000000000025
2021-12-04,4.00000000000002,0.0,0.0,0.0,47.00000000000025
2021-12-05,4.00000000000002,0.0,0.0,0.0,47.00000000000025
2021-12-06,4.00000000000002,0.0,0.0,0.0,47.00000000000025
2021-12-07,4.00000000000002,0.0,0.0,0.0,47.00000000000025
2021-12-08,4.00000000000002,0.0,0.0,0.0,47.00000000000025
2021-12-09,4.00000000000002,0.0,0.0,0.0,47.00000000000025
2021-12-10,4.00000000000002,0.0,0.0,0.0,47.00000000000025
2021-12-11,4.00000000000002,0.0,0.0,0.0,47.00000000000025
2021-12-12,4.00000000000002,0.0,0.0,0.0,47.00000000000025
2021-12-13,4.00000000000002,0.0,0.0,0.0,47.00000000000025
2021-12-14,4.00000000000002,0.0,0.0,0.0,47.00000000000025
2021-12-15,4.00000000000002,0.0,0.0,0.0,47.00000000000025
2021-12-16,4.00000000000002,0.0,0.0,0.0,47.00000000000025
2021-12-17,4.00000000000002,0.0,0.0,0.0,47.00000000000025
2021-12-18,4.00000000000002,0.0,0.0,0.0,47.00000000000025
2021-12-19,4.00000000000002,0.0,0.0,0.0,47.00000000000025
2021-12-20,4.00000000000002,0.0,0.0,0.0,47.00000000000025
2021-12-21,4.00000000000002,0.0,0.0,0.0,47.00000000000025
2021-12-22,4.00000000000002,0.0,0.0,0.0,47.00000000000025
2021-12-23,4.00000000000002,0.0,0.0,0.0,47.00000000000025
2021-12-24,4.00000000000002,0.0,0.0,0.0,47.00000000000025
2021-12-25,4.00000000000002,0.0,0.0,0.0,47.00000000000025
2021-12-26,4.00000000000002,0.0,0.0,0.0,47.00000000000025
2021-12-27,4.00000000000002,0.0,0.0,0.0,47.00000000000025
2021-12-28,4.00000000000002,0.0,0.0,0.0,47.00000000000025
2021-12-29,4.00000000000002,0.0,0.0,0.0,47.00000000000025
2021-12-30,4.00000000000002,0.0,0.0,0.0,47.00000000000025
2021-12-31,4.00000000000002,0.0,0.0,0.0,47.00000000000025
2022-01-01,4.00000000000002,0.0,0.0,0.0,47.00000000000025
2022-01-02,4.00000000000002,0.0,0.0,0.0,47.00000000000025
2022-01-03,4.00000000000002,0.0,0.0,0.0,47.00000000000025
2022-01-04,4.00000000000002,0.0,0.0,0.0,47.00000000000025
2022-01-05,4.00000000000002,0.0,0.0,0.0,47.00000000000025
2022-01-06,4.00000000000002,0.0,0.0,0.0,47.00000000000025
2022-01-07,4.00000000000002,0.0,0.0,0.0,47.00000000000025
2022-01-08,4.00000000000002,0.0,0.0,0.0,47.00000000000025
2022-01-09,4.00000000000002,0.0,0.0,0.0,47.00000000000025
2022-01-10,4.00000000000002,0.0,0.0,0.0,47.00000000000025
2022-01-11,4.00000000000002,0.0,0.0,0.0,47.00000000000025
2022-01-12,4.00000000000002,0.0,0.0,0.0,47.00000000000025
2022-01-13,4.00000000000002,0.0,0.0,0.0,47.00000000000025
2022-01-14,4.00000000000002,0.0,0.0,0.0,47.00000000000025
2022-01-15,4.00000000000002,0.0,0.0,0.0,47.00000000000025
2022-01-16,4.00000000000002,0.0,0.0,0.0,47.00000000000025
2022-01-17,4.00000000000002,0.0,0.0,0.0,47.00000000000025
2022-01-18,4.00000000000002,0.0,0.0,0.0,47.00000000000025
2022-01-19,4.00000000000002,0.0,0.0,0.0,47.00000000000025
2022-01-20,4.00000000000002,0.0,0.0,0.0,47.00000000000025
2022-01-21,4.00000000000002,0.0,0.0,0.0,47.00000000000025
2022-01-22,4.00000000000002,0.0,0.0,0.0,47.00000000000025
2022-01-23,4.00000000000002,0.0,0.0,0.0,47.00000000000025
2022-01-24,4.00000000000002,0.0,0.0,0.0,47.00000000000025
2022-01-25,4.00000000000002,0.0,0.0,0.0,47.00000000000025
2022-01-26,4.00000000000002,0.0,0.0,0.0,47.00000000000025
2022-01-27,4.00000000000002,0.0,0.0,0.0,47.00000000000025
2022-01-28,4.00000000000002,0.0,0.0,0.0,47.00000000000025
2022-01-29,4.00000000000002,0.0,0.0,0.0,47.00000000000025
2022-01-30,4.00000000000002,0.0,0.0,0.0,47.00000000000025
2022-01-31,4.00000000000002,0.0,0.0,0.0,47.00000000000025
2022-02-01,4.00000000000002,0.0,0.0,0.0,47.00000000000025
2022-02-02,4.00000000000002,0.0,0.0,0.0,47.00000000000025
2022-02-03,4.00000000000002,0.0,0.0,0.0,47.00000000000025
2022-02-04,4.00000000000002,0.0,0.0,0.0,47.00000000000025
2022-02-05,4.00000000000002,0.0,0.0,0.0,47.00000000000025
2022-02-06,4.00000000000002,0.0,0.0,0.0,47.00000000000025
2022-02-07,4.00000000000002,0.0,0.0,0.0,47.00000000000025
2022-02-08,4.00000000000002,0.0,0.0,0.0,47.00000000000025
2022-02-09,4.00000000000002,0.0,0.0,0.0,47.00000000000025
2022-02-10,4.00000000000002,0.0,0.0,0.0,47.00000000000025
2022-02-11,4.00000000000002,0.0,0.0,0.0,47.00000000000025
2022-02-12,4.00000000000002,0.0,0.0,0.0,47.00000000000025
2022-02-13,4.00000000000002,0.0,0.0,0.0,47.00000000000025
2022-02-14,4.00000000000002,0.0,0.0,0.0,47.00000000000025
2022-02-15,4.00000000000002,0.0,0.0,0.0,47.00000000000025
2022-02-16,4.00000000000002,0.0,0.0,0.0,47.00000000000025
2022-02-17,4.00000000000002,0.0,0.0,0.0,47.00000000000025
2022-02-18,4.00000000000002,0.0,0.0,0.0,47.00000000000025
2022-02-19,4.00000000000002,0.0,0.0,0.0,47.00000000000025
2022-02-20,4.00000000000002,0.0,0.0,0.0,47.00000000000025
2022-02-21,4.00000000000002,0.0,0.0,0.0,47.00000000000025
2022-02-22,4.00000000000002,0.0,0.0,0.0,47.00000000000025
2022-02-23,4.00000000000002,0.0,0.0,0.0,47.00000000000025
2022-02-24,4.00000000000002,0.0,0.0,0.0,47.00000000000025
2022-02-25,4.00000000000002,0.0,0.0,0.0,47.00000000000025
2022-02-26,4.00000000000002,0.0,0.0,0.0,47.00000000000025
2022-02-27,4.00000000000002,0.0,0.0,0.0,47.00000000000025
2022-02-28,4.00000000000002,0.0,0.0,0.0,47.00000000000025
2022-03-01,4.00000000000002,0.0,0.0,0.0,47.00000000000025
2022-03-02,4.00000000000002,0.0,0.0,0.0,47.00000000000025
2022-03-03,4.00000000000002,0.0,0.0,0.0,47.00000000000025
2022-03-04,4.00000000000002,0.0,0.0,0.0,47.00000000000025
2022-03-05,4.00000000000002,0.0,0.0,0.0,47.00000000000025
2022-03-06,4.00000000000002,0.0,0.0,0.0,47.00000000000025
2022-03-07,4.00000000000002,0.0,0.0,0.0,47.00000000000025
2022-03-08,4.00000000000002,0.0,0.0,0.0,47.00000000000025
2022-03-09,4.00000000000002,0.0,0.0,0.0,47.00000000000025
2022-03-10,4.00000000000002,0.0,0.0,0.0,47.00000000000025
2022-03-11,4.00000000000002,0.0,0.0,0.0,47.00000000000025
2022-03-12,4.00000000000002,0.0,0.0,0.0,47.00000000000025
2022-03-13,4.00000000000002,0.0,0.0,0.0,47.00000000000025
2022-03-14,4.00000000000002,0.0,0.0,0.0,47.00000000000025
2022-03-15,4.00000000000002,0.0,0.0,0.0,47.00000000000025
2022-03-16,4.00000000000002,0.0,0.0,0.0,47.00000000000025
2022-03-17,4.00000000000002,0.0,0.0,0.0,47.00000000000025
2022-03-18,4.00000000000002,0.0,0.0,0.0,47.00000000000025
2022-03-19,4.00000000000002,0.0,0.0,0.0,47.00000000000025
2022-03-20,4.00000000000002,0.0,0.0,0.0,47.00000000000025
2022-03-21,4.00000000000002,0.0,0.0,0.0,47.00000000000025
2022-03-22,4.00000000000002,0.0,0.0,0.0,47.00000000000025
2022-03-23,4.00000000000002,0.0,0.0,0.0,47.00000000000025
2022-03-24,4.00000000000002,0.0,0.0,0.0,47.00000000000025
2022-03-25,4.00000000000002,0.0,0.0,0.0,47.00000000000025
2022-03-26,4.00000000000002,0.0,0.0,0.0,47.00000000000025
2022-03-27,4.00000000000002,0.0,0.0,0.0,47.00000000000025
2022-03-28,4.00000000000002,0.0,0.0,0.0,47.00000000000025
2022-03-29,4.00000000000002,0.0,0.0,0.0,47.00000000000025
2022-03-30,4.00000000000002,0.0,0.0,0.0,47.00000000000025
2022-03-31,4.00000000000002,0.0,0.0,0.0,47.00000000000025
2022-04-01,4.00000000000002,0.0,0.0,0.0,47.00000000000025
2022-04-02,4.00000000000002,0.0,0.0,0.0,47.00000000000025
2022-04-03,4.00000000000002,0.0,0.0,0.0,47.00000000000025
2022-04-04,4.00000000000002,0.0,0.0,0.0,47.00000000000025
2022-04-05,4.00000000000002,0.0,0.0,0.0,47.00000000000025
2022-04-06,4.00000000000002,0.0,0.0,0.0,47.00000000000025
2022-04-07,4.00000000000002,0.0,0.0,0.0,47.00000000000025
2022-04-08,4.00000000000002,0.0,0.0,0.0,47.00000000000025
2022-04-09,4.00000000000002,0.0,0.0,0.0,47.00000000000025
2022-04-10,4.00000000000002,0.0,0.0,0.0,47.00000000000025
2022-04-11,4.00000000000002,0.0,0.0,0.0,47.00000000000025
2022-04-12,4.00000000000002,0.0,0.0,0.0,47.00000000000025
2022-04-13,4.00000000000002,0.0,0.0,0.0,47.00000000000025
2022-04-14,4.00000000000002,0.0,0.0,0.0,47.00000000000025
2022-04-15,4.00000000000002,0.0,0.0,0.0,47.00000000000025
2022-04-16,4.00000000000002,0.0,0.0,0.0,47.00000000000025
2022-04-17,4.00000000000002,0.0,0.0,0.0,47.00000000000025
2022-04-18,4.00000000000002,0.0,0.0,0.0,47.00000000000025
2022-04-19,4.00000000000002,0.0,0.0,0.0,47.00000000000025
2022-04-20,4.00000000000002,0.0,0.0,0.0,47.00000000000025
2022-04-21,4.00000000000002,0.0,0.0,0.0,47.00000000000025
2022-04-22,4.00000000000002,0.0,0.0,0.0,47.00000000000025
2022-04-23,4.00000000000002,0.0,0.0,0.0,47.00000000000025
2022-04-24,4.00000000000002,0.0,0.0,0.0,47.00000000000025
2022-04-25,4.00000000000002,0.0,0.0,0.0,47.00000000000025
2022-04-26,4.00000000000002,0.0,0.0,0.0,47.00000000000025
2022-04-27,4.00000000000002,0.0,0.0,0.0,47.00000000000025
2022-04-28,4.00000000000002,0.0,0.0,0.0,47.00000000000025
2022-04-29,4.00000000000002,0.0,0.0,0.0,47.00000000000025
2022-04-30,4.00000000000002,0.0,0.0,0.0,47.00000000000025
2022-05-01,4.00000000000002,0.0,0.0,0.0,47.00000000000025
2022-05-02,4.00000000000002,0.0,0.0,0.0,47.00000000000025
2022-05-03,4.00000000000002,0.0,0.0,0.0,47.00000000000025
2022-05-04,4.00000000000002,0.0,0.0,0.0,47.00000000000025
2022-05-05,4.00000000000002,0.0,0.0,0.0,47.00000000000025
2022-05-06,4.00000000000002,0.0,0.0,0.0,47.00000000000025
2022-05-07,4.00000000000002,0.0,0.0,0.0,47.00000000000025
2022-05-08,4.00000000000002,0.0,0.0,0.0,47.00000000000025
2022-05-09,4.00000000000002,0.0,0.0,0.0,47.00000000000025
2022-05-10,4.00000000000002,0.0,0.0,0.0,47.00000000000025
2022-05-11,4.00000000000002,0.0,0.0,0.0,47.00000000000025
2022-05-12,4.00000000000002,0.0,0.0,0.0,47.00000000000025
2022-05-13,4.00000000000002,0.0,0.0,0.0,47.00000000000025
2022-05-14,4.00000000000002,0.0,0.0,0.0,47.00000000000025
2022-05-15,4.00000000000002,0.0,0.0,0.0,47.00000000000025
2022-05-16,4.00000000000002,0.0,0.0,0.0,47.00000000000025
2022-05-17,4.00000000000002,0.0,0.0,0.0,47.00000000000025
2022-05-18,4.00000000000002,0.0,0.0,0.0,47.00000000000025
2022-05-19,4.00000000000002,0.0,0.0,0.0,47.00000000000025
2022-05-20,4.00000000000002,0.0,0.0,0.0,47.00000000000025
2022-05-21,4.00000000000002,0.0,0.0,0.0,47.00000000000025
2022-05-22,4.00000000000002,0.0,0.0,0.0,47.00000000000025
2022-05-23,4.00000000000002,0.0,0.0,0.0,47.00000000000025
2022-05-24,4.00000000000002,0.0,0.0,0.0,47.00000000000025
2022-05-25,4.00000000000002,0.0,0.0,0.0,47.00000000000025
2022-05-26,4.00000000000002,0.0,0.0,0.0,47.00000000000025
2022-05-27,4.00000000000002,0.0,0.0,0.0,47.00000000000025
2022-05-28,4.00000000000002,0.0,0.0,0.0,47.00000000000025
2022-05-29,4.00000000000002,0.0,0.0,0.0,47.00000000000025
2022-05-30,4.00000000000002,0.0,0.0,0.0,47.00000000000025
2022-05-31,4.00000000000002,0.0,0.0,0.0,47.00000000000025
2022-06-01,4.00000000000002,0.0,0.0,0.0,47.00000000000025
2022-06-02,4.00000000000002,0.0,0.0,0.0,47.00000000000025
2022-06-03,4.00000000000002,0.0,0.0,0.0,47.00000000000025
2022-06-04,4.00000000000002,0.0,0.0,0.0,47.00000000000025
2022-06-05,4.00000000000002,0.0,0.0,0.0,47.00000000000025
2022-06-06,4.00000000000002,0.0,0.0,0.0,47.00000000000025
2022-06-07,4.00000000000002,0.0,0.0,0.0,47.00000000000025
2022-06-08,4.00000000000002,0.0,0.0,0.0,47.00000000000025
2022-06-09,4.00000000000002,0.0,0.0,0.0,47.00000000000025
2022-06-10,4.00000000000002,0.0,0.0,0.0,47.00000000000025
2022-06-11,4.00000000000002,0.0,0.0,0.0,47.00000000000025
2022-06-12,4.00000000000002,0.0,0.0,0.0,47.00000000000025
2022-06-13,4.00000000000002,0.0,0.0,0.0,47.00000000000025
2022-06-14,4.00000000000002,0.0,0.0,0.0,47.00000000000025
2022-06-15,4.00000000000002,0.0,0.0,0.0,47.00000000000025
2022-06-16,4.00000000000002,0.0,0.0,0.0,47.00000000000025
2022-06-17,4.00000000000002,0.0,0.0,0.0,47.00000000000025
2022-06-18,4.00000000000002,0.0,0.0,0.0,47.00000000000025
2022-06-19,4.00000000000002,0.0,0.0,0.0,47.00000000000025
2022-06-20,4.00000000000002,0.0,0.0,0.0,47.00000000000025
2022-06-21,4.00000000000002,0.0,0.0,0.0,47.00000000000025
2022-06-22,4.00000000000002,0.0,0.0,0.0,47.00000000000025
2022-06-23,4.00000000000002,0.0,0.0,0.0,47.00000000000025
2022-06-24,4.00000000000002,0.0,0.0,0.0,47.00000000000025
2022-06-25,4.00000000000002,0.0,0.0,0.0,47.00000000000025
2022-06-26,4.00000000000002,0.0,0.0,0.0,47.00000000000025
2022-06-27,4.00000000000002,0.0,0.0,0.0,47.00000000000025
2022-06-28,4.00000000000002,0.0,0.0,0.0,47.00000000000025
2022-06-29,4.00000000000002,0.0,0.0,0.0,47.00000000000025
2022-06-30,4.00000000000002,0.0,0.0,0.0,47.00000000000025
2022-07-01,4.00000000000002,0.0,0.0,0.0,47.00000000000025
2022-07-02,4.00000000000002,0.0,0.0,0.0,47.00000000000025
2022-07-03,4.00000000000002,0.0,0.0,0.0,47.00000000000025
2022-07-04,4.00000000000002,0.0,0.0,0.0,47.00000000000025
2022-07-05,4.00000000000002,0.0,0.0,0.0,47.00000000000025
2022-07-06,4.00000000000002,0.0,0.0,0.0,47.00000000000025
2022-07-07,4.00000000000002,0.0,0.0,0.0,47.00000000000025
2022-07-08,4.00000000000002,0.0,0.0,0.0,47.00000000000025
2022-07-09,4.00000000000002,0.0,0.0,0.0,47.00000000000025
2022-07-10,4.00000000000002,0.0,0.0,0.0,47.00000000000025
2022-07-11,4.00000000000002,0.0,0.0,0.0,47.00000000000025
2022-07-12,4.00000000000002,0.0,0.0,0.0,47.00000000000025
2022-07-13,4.00000000000002,0.0,0.0,0.0,47.00000000000025
2022-07-14,4.00000000000002,0.002456367162249517,0.0,0.0,47.00000000000025
2022-07-15,4.00000000000002,0.012184873949579882,0.0,0.0,47.00000000000025
2022-07-16,4.00000000000002,0.028983516483516623,0.0,0.0,47.00000000000025
2022-07-17,4.00000000000002,0.05205437944408559,0.0,0.0,47.00000000000025
2022-07-18,4.00000000000002,0.08015261393018788,0.0,0.0,47.00000000000025
2022-07-19,4.00000000000002,0.11169817085488101,0.0,0.0,47.00000000000025
2022-07-20,4.00000000000002,0.14485960099183984,0.0,0.0,47.00000000000025
2022-07-21,4.00000000000002,0.1776169050102022,0.0,0.0,47.00000000000025
2022-07-22,4.00000000000002,0.20780867100070313,0.0,0.0,47.00000000000025
2022-07-23,4.00000000000002,0.2331674276202757,0.0,0.0,47.00000000000025
2022-07-24,4.00000000000002,0.2513461589505013,0.0,0.0,47.00000000000025
2022-07-25,4.00000000000002,0.2649802074481705,0.0,0.0,47.00000000000025
2022-07-26,4.00000000000002,0.2760460799558762,0.0,0.0,47.00000000000025
2022-07-27,4.00000000000002,0.2816305522099587,0.0,0.0,47.00000000000025
2022-07-28,4.00000000000002,0.2801951184237913,0.0,0.0,47.00000000000025
2022-07-29,4.00000000000002,0.2712323116685226,0.0,0.0,47.00000000000025
2022-07-30,4.00000000000002,0.25500794415863204,0.0,0.0,47.00000000000025
2022-07-31,4.00000000000002,0.2323677874660977,0.0,0.0,47.00000000000025
2022-08-01,4.00000000000002,0.20459258268102143,0.0,0.0,47.00000000000025
2022-08-02,4.00000000000002,0.17328929803209778,0.0,0.0,47.00000000000025
2022-08-03,4.00000000000002,0.14030957210196607,0.0,0.0,47.00000000000025
2022-08-04,4.00000000000002,0.10768854623872408,0.0,0.0,47.00000000000025
2022-08-05,4.00000000000002,0.08076640967904306,0.0,0.0,47.00000000000025
2022-08-06,4.00000000000002,0.06057480725928229,0.0,0.0,47.00000000000025
2022-08-07,4.00000000000002,0.04543110544446172,0.0,0.0,47.00000000000025
2022-08-08,4.00000000000002,0.03407332908334629,0.0,0.0,47.00000000000025
2022-08-09,4.00000000000002,0.025554996812509716,0.0,0.0,47.00000000000025
2022-08-10,4.00000000000002,0.019166247609382285,0.0,0.0,47.00000000000025
2022-08-11,4.00000000000002,0.014374685707036714,0.0,0.0,47.00000000000025
2022-08-12,4.00000000000002,0.010781014280277536,0.0,0.0,47.00000000000025
2022-08-13,4.00000000000002,0.008085760710208152,0.0,0.0,47.00000000000025
2022-08-14,4.00000000000002,0.0060643205326561134,0.0,0.0,47.00000000000025
2022-08-15,4.00000000000002,0.0045482403994920855,0.0,0.0,47.00000000000025
2022-08-16,4.00000000000002,0.003411180299619064,0.0,0.0,47.00000000000025
2022-08-17,4.00000000000002,0.002558385224714298,0.0,0.0,47.00000000000025
2022-08-18,4.00000000000002,0.0019187889185357237,0.0,0.0,47.00000000000025
2022-08-19,4.00000000000002,0.0014390916889017928,0.0,0.0,47.00000000000025
2022-08-20,4.00000000000002,0.0010793187666763445,0.0,0.0,47.00000000000025
2022-08-21,4.00000000000002,0.0008094890750072584,0.0,0.0,47.00000000000025
2022-08-22,4.00000000000002,0.0006071168062554438,0.0,0.0,47.00000000000025
2022-08-23,4.00000000000002,0.0004553376046915828,0.0,0.0,47.00000000000025
2022-08-24,4.00000000000002,0.0003415032035186871,0.0,0.0,47.00000000000025
2022-08-25,4.00000000000002,0.0002561274026390153,0.0,0.0,47.00000000000025
2022-08-26,4.00000000000002,0.0001920955519792615,0.0,0.0,47.00000000000025
2022-08-27,4.00000000000002,0.0001440716639844461,0.0,0.0,47.00000000000025
2022-08-28,4.00000000000002,0.00010805374798833458,0.0,0.0,47.00000000000025
2022-08-29,4.00000000000002,8.104031099125094e-05,0.0,0.0,47.00000000000025
2022-08-30,4.00000000000002,6.0780233243438206e-05,0.0,0.0,47.00000000000025
2022-08-31,4.00000000000002,4.5585174932578654e-05,0.0,0.0,47.00000000000025
2022-09-01,4.00000000000002,3.418888119943399e-05,0.0,0.0,47.00000000000025
2022-09-02,4.00000000000002,2.564166089957549e-05,0.0,0.0,47.00000000000025
2022-09-03,4.00000000000002,1.923124567468162e-05,0.0,0.0,47.00000000000025
2022-09-04,4.00000000000002,1.4423434256011215e-05,0.0,0.0,47.00000000000025
2022-09-05,4.00000000000002,1.0817575692008411e-05,0.0,0.0,47.00000000000025
2022-09-06,4.00000000000002,8.113181769006309e-06,0.0,0.0,47.00000000000025
2022-09-07,4.00000000000002,6.0848863267547315e-06,0.0,0.0,47.00000000000025
2022-09-08,4.00000000000002,4.563664745066049e-06,0.0,0.0,47.00000000000025
2022-09-09,4.00000000000002,3.4227485587995365e-06,0.0,0.0,47.00000000000025
2022-09-10,4.00000000000002,2.5670614190996524e-06,0.0,0.0,47.00000000000025
2022-09-11,4.00000000000002,1.9252960643247394e-06,0.0,0.0,47.00000000000025
2022-09-12,4.00000000000002,1.4439720482435545e-06,0.0,0.0,47.00000000000025
2022-09-13,4.00000000000002,1.0829790361826659e-06,0.0,0.0,47.00000000000025
2022-09-14,4.00000000000002,8.122342771369994e-07,0.0,0.0,47.00000000000025
2022-09-15,4.00000000000002,6.091757078527496e-07,0.0,0.0,47.00000000000025
2022-09-16,4.00000000000002,4.5688178088956215e-07,0.0,0.0,47.00000000000025
2022-09-17,4.00000000000002,3.426613356671716e-07,0.0,0.0,47.00000000000025
2022-09-18,4.00000000000002,2.569960017503787e-07,0.0,0.0,47.00000000000025
2022-09-19,4.00000000000002,1.9274700131278402e-07,0.0,0.0,47.00000000000025
2022-09-20,4.00000000000002,1.44560250984588e-07,0.0,0.0,47.00000000000025
2022-09-21,4.00000000000002,1.08420188238441e-07,0.0,0.0,47.00000000000025
